Title,Description,WorkItemType,Area,Priority,Effort,Tags
"EVA Foundation 2.0 - Enterprise AI Platform","Complete transformation of Government AI capabilities integrating EVA DA 2.0, Information Assistant, and comprehensive enterprise management","Epic","Platform Architecture","1",2000,"enterprise,ai,platform,government"
"Information Assistant Backend Integration","Migrate and integrate PubSec Information Assistant backend with EVA DA 2.0 multi-agent architecture","Epic","Backend Integration","1",800,"integration,backend,migration"
"Enterprise Admin Platform Development","Build comprehensive enterprise management portal for workload, cost, performance, and compliance management","Epic","Enterprise Management","2",1200,"admin,management,enterprise"
"IA Backend Migration Planning","Analyze current IA backend architecture and create migration strategy to EVA Foundation 2.0","Feature","Backend Integration","1",120,"analysis,migration,planning"
"RAG Pipeline Enhancement","Upgrade retrieval-augmented generation with advanced vector search and multi-modal processing","Feature","Backend Integration","1",200,"rag,vector-search,ai"
"Multi-Source Document Processing","Implement processing for SharePoint, file systems, databases, and real-time document feeds","Feature","Backend Integration","1",160,"documents,processing,integration"
"Cosmos DB HPK Enhancement","Extend hierarchical partition keys to support Information Assistant data patterns","Feature","Data Architecture","1",80,"cosmosdb,hpk,data"
"Vector Database Integration","Integrate Azure Cognitive Search with semantic capabilities for advanced search","Feature","Data Architecture","1",100,"vector-db,search,cognitive"
"Enterprise Data Lake Architecture","Design and implement centralized enterprise data storage and processing system","Feature","Data Architecture","1",140,"data-lake,architecture,storage"
"Real-time Data Streaming","Implement event-driven data ingestion and processing capabilities","Feature","Data Architecture","2",120,"streaming,events,real-time"
"Multi-Tenant Orchestration","Build isolated workspaces with shared infrastructure for enterprise tenants","Feature","Enterprise Management","1",180,"multi-tenant,orchestration,isolation"
"Resource Allocation Management","Dynamic CPU, memory, and storage assignment with intelligent scaling","Feature","Enterprise Management","1",160,"resources,allocation,scaling"
"Real-time Cost Tracking","Per-tenant, per-project, per-user cost attribution and monitoring","Feature","Cost Management","1",140,"cost,tracking,billing"
"Budget Management System","Automated alerts, spending controls, and budget enforcement","Feature","Cost Management","1",100,"budget,alerts,controls"
"Performance SLA Management","Multi-dimensional monitoring with automated SLA tracking and reporting","Feature","Performance","1",120,"sla,monitoring,performance"
"Enterprise Security Portal","Zero-trust architecture with comprehensive identity and access management","Feature","Security","1","200","security,zero-trust,identity"
"Compliance Automation","Government standards validation and automated compliance reporting","Feature","Compliance","1",160,"compliance,automation,government"
"Advanced User Management","Enterprise SSO integration with role-based access control","Feature","User Management","1",140,"sso,rbac,user-management"
"API Gateway Management","Centralized API lifecycle and security management system","Feature","Integration","2",120,"api,gateway,security"
"Business Intelligence Dashboard","Executive dashboards with strategic insights and analytics","Feature","Analytics","2",100,"bi,dashboard,analytics"
"Disaster Recovery System","Multi-region backup and failover capabilities","Feature","Operations","1",180,"disaster-recovery,backup,failover"
"Legacy System Connectors","Pre-built integrations for common Government of Canada enterprise systems","Feature","Integration","2",160,"legacy,connectors,integration"
"Usage Analytics Engine","Detailed platform utilization and adoption metrics tracking","Feature","Analytics","2",80,"analytics,usage,metrics"
"Automated Remediation","Self-healing capabilities and intelligent automation for system issues","Feature","Operations","2",140,"automation,self-healing,remediation"
"Change Management System","Controlled deployment and rollback capabilities","Feature","Operations","1",100,"change-management,deployment,rollback"
"Enterprise Reporting Framework","Comprehensive reporting system for all platform metrics and business data","Feature","Reporting","2",120,"reporting,metrics,business-data"
"Multi-Modal AI Processing","Text, images, documents, and structured data processing capabilities","Feature","AI","1",180,"multi-modal,ai,processing"
"Contextual Enhancement Engine","Dynamic context injection based on user roles and projects","Feature","AI","1",160,"context,enhancement,personalization"
"Quality Assurance Automation","Automated content validation and accuracy scoring systems","Feature","Quality","1",100,"qa,validation,accuracy"
"Tenant Isolation Architecture","Complete data and compute isolation between organizations","Task","Multi-Tenant","1",60,"isolation,tenant,security"
"Custom Branding System","Per-tenant UI customization and white-labeling capabilities","Task","UI/UX","2",40,"branding,customization,ui"
"Government Accessibility Compliance","WCAG 2.1 AA compliance across all platform components","Task","Accessibility","1",80,"accessibility,wcag,compliance"
"Bilingual Support Enhancement","Advanced bilingual capabilities across all enterprise features","Task","Localization","1",60,"bilingual,localization,government"
"Azure AD Integration","Enterprise single sign-on with Azure Active Directory","Task","Authentication","1",40,"azure-ad,sso,authentication"
"Data Sovereignty Controls","Geographic data residency and cross-border control implementation","Task","Security","1",60,"data-sovereignty,residency,compliance"
"Audit Trail Management","Comprehensive logging and forensic capabilities","Task","Audit","1",80,"audit,logging,forensics"
"Capacity Planning System","Predictive analytics for infrastructure scaling","Task","Planning","2",60,"capacity,planning,analytics"
"ROI Analytics Dashboard","Value measurement and business impact assessment tools","Task","Analytics","2",40,"roi,analytics,business-impact"
"Incident Management Automation","Automated detection, escalation, and resolution workflows","Task","Operations","1",80,"incident,automation,resolution"
"Enterprise Support Portal","24/7 monitoring and support capabilities","Task","Support","1",100,"support,monitoring,24x7"
"Government Standards Validation","Continuous validation against Government of Canada standards","Task","Compliance","1",60,"standards,validation,government"
"Cross-Platform Integration Testing","End-to-end testing across all integrated systems","Task","Testing","1",80,"testing,integration,e2e"
"Performance Benchmarking","Comparative analysis and industry standards benchmarking","Task","Performance","2",40,"benchmarking,performance,analysis"
"Security Penetration Testing","Comprehensive security testing and vulnerability assessment","Task","Security","1",60,"security,penetration,testing"
"User Training Program","Comprehensive training program for enterprise users","Task","Training","2",40,"training,users,education"
"Documentation System","Complete enterprise documentation and knowledge management","Task","Documentation","1",60,"documentation,knowledge,management"
